title,author,genre,year
Alice's Adventures in Wonderland,Lewis Carroll,fantasy,1865
The Wonderful Wizard of Oz,L. Frank Baum,fantasy,1899
Treasure Island,Robert Louis Stevenson,fantasy,1880
Gulliver's Travels,Jonathan Swift,fantasy,1726
A Midsummer Night's Dream,William Shakespeare,fantasy,1600
The Prince,Niccolò Machiavelli,fantasy,1515
Through the Looking-Glass,"Lewis Carroll, Lewis Carroll, Lewis Lewis Carroll",fantasy,1865
The Wind in the Willows,Kenneth Grahame,fantasy,1908
Five Children and It,Edith Nesbit,fantasy,1905
The Lost World,Arthur Conan Doyle,fantasy,1900
The Marvelous Land of Oz,L. Frank Baum,fantasy,1904
Ozma of Oz,L. Frank Baum,fantasy,1907
The Emerald City of Oz,L. Frank Baum,fantasy,1910
Dorothy and the Wizard in Oz,L. Frank Baum,fantasy,1908
The Lost Princess of Oz,L. Frank Baum,fantasy,1917
The Story of the Amulet,Edith Nesbit,fantasy,1905
The Complete Life and Adventures of Santa Claus,L. Frank Baum,fantasy,1902
Alice's Adventures in Wonderland / Through the Looking Glass,Lewis Carroll,fantasy,1889
The Road to Oz,L. Frank Baum,fantasy,1909
The Sea Fairies,L. Frank Baum,fantasy,1911
Baum's American Fairy Tales,L. Frank Baum,fantasy,1901
Sky Island,L. Frank Baum,fantasy,1912
The Scarecrow of Oz,L. Frank Baum,fantasy,1915
The Patchwork Girl of Oz,L. Frank Baum,fantasy,1913
The Magic of Oz,L. Frank Baum,fantasy,1919
Tik-Tok of Oz,L. Frank Baum,fantasy,1914
Rinkitink in Oz,L. Frank Baum,fantasy,1916
The Enchanted Castle,Edith Nesbit,fantasy,1907
Phantastes,George MacDonald,fantasy,1850
The Tin Woodman of Oz,L. Frank Baum,fantasy,1918
The Hobbit,J.R.R. Tolkien,fantasy,1937
Glinda of Oz,L. Frank Baum,fantasy,1920
The Magic City,Edith Nesbit,fantasy,1910
The Phoenix and the Carpet,Edith Nesbit,fantasy,1903
Nineteen Eighty-Four,George Orwell,fantasy,1949
Le avventure di Pinocchio,Carlo Collodi,fantasy,1883
Peter Pan,J. M. Barrie,fantasy,1911
Le Tour du Monde en Quatre-Vingts Jours,Jules Verne,fantasy,1872
Le petit prince,Antoine de Saint-Exupéry,fantasy,1943
Harry Potter and the Philosopher's Stone,J. K. Rowling,fantasy,1997
À rebours,Joris-Karl Huysmans,fantasy,1884
Puck of Pook's Hill,Rudyard Kipling,fantasy,1900
The Princess and the Goblin,George MacDonald,fantasy,1872
The Fellowship of the Ring,J.R.R. Tolkien,fantasy,1954
The Enchanted Island of Yew,L. Frank Baum,fantasy,1903
The Two Towers,J.R.R. Tolkien,fantasy,1954
Harry Potter and the Chamber of Secrets,J. K. Rowling,fantasy,1998
The Return of the King,J.R.R. Tolkien,fantasy,1950
The Royal Book of Oz,Ruth Plumly Thompson,fantasy,1921
Harry Potter and the Prisoner of Azkaban,J. K. Rowling,fantasy,1999
The Secret Agent,Joseph Conrad,fantasy,1907
Мастер и Маргарита,Михаил Афанасьевич Булгаков,fantasy,1966
Harry Potter and the Goblet of Fire,"J. K. Rowling, Jim Kay",fantasy,1993
The reluctant dragon,"Kenneth Grahame, Jim Weiss, Ernest H. Shepard, Michael Hague, Kenneth Grahame, Kenneth Kenneth Grahame, Grahame Kenneth",fantasy,1938
The Moon Pool,A. Merritt,fantasy,1919
Harry Potter and the Order of the Phoenix,J. K. Rowling,fantasy,2003
The Story of Doctor Dolittle,Hugh Lofting,fantasy,1920
"News from Nowhere, or, An epoch of rest",William Morris,fantasy,1891
Charlie and the Chocolate Factory,Roald Dahl,fantasy,1964
A Princess of Mars,Edgar Rice Burroughs,fantasy,1917
Cien años de soledad,Gabriel García Márquez,fantasy,1967
The wood beyond the world,"William Morris, William Norris, William, Morris, William Morris, William William Morris, WILLIAM MORRIS, Random House",fantasy,1894
The water-babies,"Charles Kingsley, Charles Kingsley",fantasy,1863
Sylvie and Bruno,Lewis Carroll,fantasy,1889
Jurgen,James Branch Cabell,fantasy,1919
"The little white bird, or, Adventures in Kensington gardens",J. M. Barrie,fantasy,1902
The Horse and His Boy,C.S. Lewis,fantasy,1954
Wet Magic,Edith Nesbit,fantasy,1937
Peter Pan in Kensington Gardens,J. M. Barrie,fantasy,1906
The Magician's Nephew,C.S. Lewis,fantasy,1955
The Master Key,L. Frank Baum,fantasy,1901
"The Lion, the Witch and the Wardrobe",C.S. Lewis,fantasy,1950
Harry Potter and the Half-Blood Prince,"J. K. Rowling, Mary GrandPré",fantasy,2005
James and the Giant Peach,Roald Dahl,fantasy,1961
The Silmarillion,J.R.R. Tolkien,fantasy,1977
Charlotte's Web,E. B. White,fantasy,1952
Prince Caspian,C.S. Lewis,fantasy,1951
Northern Lights,Philip Pullman,fantasy,1995
The Silver Chair,C.S. Lewis,fantasy,1953
The BFG,Roald Dahl,fantasy,1980
A Game of Thrones,George R. R. Martin,fantasy,1996
Lost Horizon,James Hilton,fantasy,1933
Harry Potter and the Deathly Hallows,J. K. Rowling,fantasy,2007
Where the Wild Things Are,Maurice Sendak,fantasy,1600
Little Wizard stories of Oz,L. Frank Baum,fantasy,1914
Morning Star,H. Rider Haggard,fantasy,1910
The Well at the World's End,William Morris,fantasy,1896
The Voyages of Doctor Dolittle,Hugh Lofting,fantasy,1922
Der Kleine Prinz (German),Antoine de Saint-Exupéry,fantasy,1988
Brood of the Witch-Queen,Sax Rohmer,fantasy,1924
A strange manuscript found in a copper cylinder,James De Mille,fantasy,1888
"Momo oder Die seltsame Geschichte von den Zeit-Dieben und von dem Kind, das den Menschen die gestohlene Zeit zurückbrachte",Michael Ende,fantasy,1973
The Last Battle,C.S. Lewis,fantasy,1956
The Subtle Knife,Philip Pullman,fantasy,1997
Bridge to Terabithia,Katherine Paterson,fantasy,1972
Catching Fire,Suzanne Collins,fantasy,2009
The Lightning Thief,Rick Riordan,fantasy,2005
The Voyage of the Dawn Treader,C.S. Lewis,fantasy,1952
Watership Down,Richard Adams,fantasy,1972
Coraline,Neil Gaiman,fantasy,2001
Alice's Adventures in Wonderland,Lewis Carroll,science_fiction,1865
Frankenstein or The Modern Prometheus,Mary Shelley,science_fiction,1818
The Wonderful Wizard of Oz,L. Frank Baum,science_fiction,1899
The Time Machine,H. G. Wells,science_fiction,1895
The Lost World,Arthur Conan Doyle,science_fiction,1900
Dracula,Bram Stoker,science_fiction,1897
Brave New World,Aldous Huxley,science_fiction,1932
The Iron Heel,Jack London,science_fiction,1907
The Invisible Man,H. G. Wells,science_fiction,0
Flatland,Edwin Abbott Abbott,science_fiction,1884
The Princess and Curdie,George MacDonald,science_fiction,1832
The War of the Worlds,H. G. Wells,science_fiction,0
The Napoleon of Notting Hill,"Gilbert Keith Chesterton, Madeline Ashby, Catholic Way Publishing Staff",science_fiction,1904
Nineteen Eighty-Four,George Orwell,science_fiction,1949
Le Tour du Monde en Quatre-Vingts Jours,Jules Verne,science_fiction,1872
Vingt mille lieues sous les mers,Jules Verne,science_fiction,1870
The Strange Case of Dr. Jekyll and Mr. Hyde,Robert Louis Stevenson,science_fiction,1875
The Poison Belt,Arthur Conan Doyle,science_fiction,1913
The Island of Dr. Moreau,H. G. Wells,science_fiction,1896
Fahrenheit 451,Ray Bradbury,science_fiction,1953
The Secret Agent,Joseph Conrad,science_fiction,1907
The Moon Pool,A. Merritt,science_fiction,1919
At The Earth's Core And Out Of Time's Abyss,Edgar Rice Burroughs,science_fiction,1914
The warlord of Mars #3,"Edgar Rice Burroughs, Jim Killavey, Paula Paula",science_fiction,1919
Мы,"Евгений Иванович Замятин, Gary Kern, Alejandro Ariel González, Tavo Montañez, Sergio Hernández-Ranera Sánchez, Gregory Zilboorg, Alexander Glinka",science_fiction,1924
De la terre à la lune,Jules Verne,science_fiction,1865
"Thuvia, Maid of Mars","Edgar Rice Burroughs, Craig Trahan, Eric King, J. Allen St. John",science_fiction,1916
A Princess of Mars,Edgar Rice Burroughs,science_fiction,1917
Voyage au Centre de la Terre,Jules Verne,science_fiction,1867
When the Sleeper Awakes,H. G. Wells,science_fiction,1899
The food of the gods and how it came to earth,H. G. Wells,science_fiction,1900
The wood beyond the world,"William Morris, William Norris, William, Morris, William Morris, William William Morris, WILLIAM MORRIS, Random House",science_fiction,1894
The Handmaid's Tale,"Margaret Atwood, Етвуд Марґарет",science_fiction,1985
R.U.R. and The insect play,"Karel Čapek, Josef Čapek",science_fiction,1920
The Martian Chronicles,Ray Bradbury,science_fiction,1950
In the days of the comet,H. G. Wells,science_fiction,1906
The Hunger Games,Suzanne Collins,science_fiction,2008
A Clockwork Orange,Anthony Burgess,science_fiction,1962
A Game of Thrones,George R. R. Martin,science_fiction,1996
Slaughterhouse-Five,Kurt Vonnegut,science_fiction,1968
Dune,Frank Herbert,science_fiction,1965
The Hitch Hiker's Guide to the Galaxy,Douglas Adams,science_fiction,1979
It Can't Happen Here,Sinclair Lewis,science_fiction,1935
On the Beach,Nevil Shute,science_fiction,1957
2001,Arthur C. Clarke,science_fiction,1968
The First Men in the Moon,H. G. Wells,science_fiction,1900
A strange manuscript found in a copper cylinder,James De Mille,science_fiction,1888
Charlie and the Great Glass Elevator,Roald Dahl,science_fiction,1972
The Giver,Lois Lowry,science_fiction,1993
Ender's Game,Orson Scott Card,science_fiction,1985
The ship of Ishtar,"A. Merritt, Amelia Pérez de Villar Herranz",science_fiction,1924
A Wrinkle in Time,Madeleine L'Engle,science_fiction,1962
Catching Fire,Suzanne Collins,science_fiction,2009
A Modern Utopia,H. G. Wells,science_fiction,1900
Foundation,Isaac Asimov,science_fiction,1951
"I, Robot",Isaac Asimov,science_fiction,1950
The Gunslinger,Stephen King,science_fiction,1976
Jurassic Park,Michael Crichton,science_fiction,1990
Deception Point,Dan Brown,science_fiction,2001
The Time Traders,Andre Norton,science_fiction,1958
Plague Ship,Andre Norton,science_fiction,1956
The Restaurant at the End of the Universe,Douglas Adams,science_fiction,1980
Do Androids Dream of Electric Sheep?,Philip K. Dick,science_fiction,1968
Mockingjay,Suzanne Collins,science_fiction,2010
Star Born,Andre Norton,science_fiction,1957
The Blind Assassin,Margaret Atwood,science_fiction,2000
The Left Hand of Darkness,"Ursula K. Le Guin, Sound Editions",science_fiction,1969
Divergent,Veronica Roth,science_fiction,2010
The Dead Zone,Stephen King,science_fiction,1979
La casa verde,Mario Vargas Llosa,science_fiction,1966
Eragon,Christopher Paolini,science_fiction,1998
The Stand,Stephen King,science_fiction,1978
The Man in the High Castle,"Philip K. Dick, Michelle Charrier",science_fiction,1962
L'Île mystérieuse,Jules Verne,science_fiction,1870
A Wizard of Earthsea,Ursula K. Le Guin,science_fiction,1968
The Amber Spyglass,Philip Pullman,science_fiction,1999
Second Foundation,Isaac Asimov,science_fiction,1953
Stranger in a Strange Land,Robert A. Heinlein,science_fiction,1961
Foundation and Empire,Isaac Asimov,science_fiction,1945
The man who ended war,Hollis Godfrey,science_fiction,1908
Flowers for Algernon,Daniel Keyes,science_fiction,1966
Storm Over Warlock,Andre Norton,science_fiction,1960
The Lost World,Michael Crichton,science_fiction,1995
The Illustrated Man,Ray Bradbury,science_fiction,1901
Star Maker,Olaf Stapledon,science_fiction,1937
Dragonflight,Anne McCaffrey,science_fiction,1968
Tales of space and time,H. G. Wells,science_fiction,1899
Firestarter,Stephen King,science_fiction,1980
Solaris,Stanisław Lem,science_fiction,1961
The Chessmen of Mars,Edgar Rice Burroughs,science_fiction,1922
Válka s mloky,Karel Čapek,science_fiction,1936
A Clash of Kings,George R. R. Martin,science_fiction,1998
"So long, and thanks for all the fish",Douglas Adams,science_fiction,1984
American Gods,Neil Gaiman,science_fiction,2001
The Blazing World,Margaret Cavendish,science_fiction,2013
Last and First Men,Olaf Stapledon,science_fiction,1930
Childhood’s End,Arthur C. Clarke,science_fiction,1953
A Canticle for Leibowitz,"Walter M. Miller Jr., Волтер Майкл Міллер-молодший",science_fiction,1959
The Scarlet Plague,Jack London,science_fiction,1910
The Martian,Andy Weir,science_fiction,2011
The Hound of the Baskervilles,Arthur Conan Doyle,mystery,1900
The Adventures of Sherlock Holmes [12 stories],Arthur Conan Doyle,mystery,1892
The Man Who Was Thursday,Gilbert Keith Chesterton,mystery,1908
The Mysterious Affair at Styles,"Agatha Christie, Aric Cushing, Bookstar",mystery,1920
The Secret Adversary,Agatha Christie,mystery,1922
The mystery of Edwin Drood,"Charles Dickens, Samuel Luke Fildes, Charles Bernard-Derosne, TC, John Cuming Walters",mystery,1870
His Last Bow [8 stories],Arthur Conan Doyle,mystery,1917
Heart of Darkness,Joseph Conrad,mystery,1899
The Riddle of the Sands,Erskine Childers,mystery,1903
Преступление и наказание,Фёдор Михайлович Достоевский,mystery,1866
Greenmantle,John Buchan,mystery,1915
Harry Potter and the Philosopher's Stone,J. K. Rowling,mystery,1997
Trent's Last Case,"E. C. Bentley, E. Bentley",mystery,1913
Prester John,John Buchan,mystery,1910
Whose Body?,Dorothy L. Sayers,mystery,1923
Basil,"Wilkie Collins, Miguel Martínez-Lage",mystery,1852
The Black Robe,"Wilkie Collins, Wilkie Collins",mystery,1881
Murder on the Links,Agatha Christie,mystery,1923
Fifty Candles,Earl Derr Biggers,mystery,1926
The Amateur Cracksman,E. W. Hornung,mystery,1899
Murder on the Orient Express,Agatha Christie,mystery,1933
Poirot investigates,Agatha Christie,mystery,1924
The Murder of Roger Ackroyd,Agatha Christie,mystery,1926
The After House,Mary Roberts Rinehart,mystery,1914
The Angel of Terror,Edgar Wallace,mystery,1923
The Da Vinci Code,Dan Brown,mystery,2003
The Man in the Brown Suit,Agatha Christie,mystery,1924
The Circular Staircase,Mary Roberts Rinehart,mystery,1908
Tales of Terror and Mystery,Arthur Conan Doyle,mystery,1963
Death on the Nile,Agatha Christie,mystery,1937
The Law and the Lady,"Wilkie Collins, Camille de Cendrey",mystery,1875
The Lodger,Marie Belloc Lowndes,mystery,1913
R. Holmes & Co.,John Kendrick Bangs,mystery,1906
L'affaire Lerouge,Émile Gaboriau,mystery,1800
The daffodil murder,Edgar Wallace,mystery,1921
The A.B.C. Murders,Agatha Christie,mystery,1936
4:50 from Paddington,Agatha Christie,mystery,1957
The Mysterious Key And What It Opened,Louisa May Alcott,mystery,2004
Dead Men Tell No Tales,E. W. Hornung,mystery,1899
Harry Potter and the Deathly Hallows,J. K. Rowling,mystery,2007
The dead secret,Wilkie Collins,mystery,1857
A Murder Is Announced,Agatha Christie,mystery,1950
The Murder at the Vicarage,Agatha Christie,mystery,1930
The house by the church-yard,Sheridan Le Fanu,mystery,1863
The Mystery of the Blue Train,Agatha Christie,mystery,1928
In Cold Blood,Truman Capote,mystery,1965
Evil Under the Sun,Agatha Christie,mystery,1941
The Secret of Chimneys,Agatha Christie,mystery,1925
The Body in the Library,Agatha Christie,mystery,1942
The Mirror Crack'd from Side to Side,Agatha Christie,mystery,1960
The Big Four,Agatha Christie,mystery,1927
The Moving Finger,Agatha Christie,mystery,1942
After the Funeral,Agatha Christie,mystery,1953
Crooked House,Agatha Christie,mystery,1949
At Bertram's Hotel,Agatha Christie,mystery,1965
They Do It with Mirrors,Agatha Christie,mystery,1952
The Paradise Mystery,Joseph Smith Fletcher,mystery,1920
Peril at End House,Agatha Christie,mystery,1932
Lord Edgware Dies,Agatha Christie,mystery,1933
A Caribbean Mystery,"Agatha Christie, Christie",mystery,1964
The Franchise Affair (Inspector Alan Grant #3),Josephine Tey,mystery,1948
Curtain,Agatha Christie,mystery,1975
Appointment with Death,Agatha Christie,mystery,1938
Hercule Poirot's Christmas,Agatha Christie,mystery,1939
Sleeping Murder,Agatha Christie,mystery,1940
Death in the Clouds,Agatha Christie,mystery,1935
The Hollow,Agatha Christie,mystery,1946
The Curious Incident of the Dog in the Night-Time,Mark Haddon,mystery,2002
Murder in Mesopotamia,Agatha Christie,mystery,1936
Five Little Pigs,Agatha Christie,mystery,1942
Murder in Three Acts,Agatha Christie,mystery,1934
Elephants Can Remember,Agatha Christie,mystery,1969
Nemesis,Agatha Christie,mystery,1970
Cards on the Table,Agatha Christie,mystery,1936
The Four Pools Mystery,Jean Webster,mystery,1908
"One, Two, Buckle My Shoe",Agatha Christie,mystery,1940
The legacy of Cain,Wilkie Collins,mystery,1888
The Firm,John Grisham,mystery,1991
The Bobbsey Twins,Laura Lee Hope,mystery,1904
Dead Man's Folly,Agatha Christie,mystery,1956
Hallowe'en Party,Agatha Christie,mystery,1969
They Came to Baghdad,Agatha Christie,mystery,1951
The Clocks,Agatha Christie,mystery,1963
The Green Mile,Stephen King,mystery,1996
Cat Among the Pigeons,Agatha Christie,mystery,1959
No name,Wilkie Collins,mystery,1862
Dumb Witness,Agatha Christie,mystery,1937
Third Girl,Agatha Christie,mystery,1966
The Labours of Hercules,Agatha Christie,mystery,1947
The Thirteen Problems,Agatha Christie,mystery,1932
The Boxcar Children,Gertrude Chandler Warner,mystery,1924
Mrs. McGinty's Dead,Agatha Christie,mystery,1951
The Queen of Hearts,Wilkie Collins,mystery,1859
The Devil Doctor,Sax Rohmer,mystery,1916
The Sittaford Mystery,Agatha Christie,mystery,1931
A Shilling for Candles (Inspector Alan Grant #2),Josephine Tey,mystery,1936
Death Comes as the End,Agatha Christie,mystery,1944
The Pelican Brief,John Grisham,mystery,1992
The Runaway Jury,John Grisham,mystery,1996
The Seven Dials Mystery,Agatha Christie,mystery,1929
Wuthering Heights,"Emily Brontë, Stephanie Baudet, Arianna Bellucci, Angel Vara, Tanya Landman, Gisela Etzel, Theodore De Wyzewa",romance,1846
Emma,Jane Austen,romance,1815
Sense and Sensibility,Jane Austen,romance,1811
Little Women,Louisa May Alcott,romance,1848
Анна Каренина,Лев Толстой,romance,1876
Jane Eyre,Charlotte Brontë,romance,1847
Northanger Abbey,Jane Austen,romance,1818
Ethan Frome,Edith Wharton,romance,1910
El Conde de Montecristo,Alexandre Dumas,romance,1830
Riders of the Purple Sage,Zane Grey,romance,1912
Uncle Tom's Cabin,Harriet Beecher Stowe,romance,1850
The Moonstone,Wilkie Collins,romance,1868
Women in Love,D. H. Lawrence,romance,1877
Heart of Darkness,Joseph Conrad,romance,1899
She,H. Rider Haggard,romance,1886
This Side of Paradise,F. Scott Fitzgerald,romance,1920
Cranford,Elizabeth Cleghorn Gaskell,romance,1853
Jude the Obscure,Thomas Hardy,romance,1895
"Under the Greenwood Tree or, The Mellstock quire",Thomas Hardy,romance,1872
Le rouge et le noir,Stendhal,romance,1830
The Woodlanders,Thomas Hardy,romance,1800
The pioneers,James Fenimore Cooper,romance,1800
The Lone Star Ranger,Zane Grey,romance,1914
The Age of Innocence,Edith Wharton,romance,1920
Framley Parsonage,Anthony Trollope,romance,1861
Daisy Miller,Henry James,romance,1877
The Ambassadors,Henry James,romance,1903
Far From the Madding Crowd,Thomas Hardy,romance,1874
Washington Square,Henry James,romance,1880
Poirot investigates,Agatha Christie,romance,1924
The Return of the Native,Thomas Hardy,romance,1878
A Room with a View,E. M. Forster,romance,1905
Доктор Живаго,Boris Leonidovich Pasternak,romance,1957
Death on the Nile,Agatha Christie,romance,1937
Howards End,E. M. Forster,romance,1910
50 Fifty Shades of Grey,E. L. James,romance,2000
How to write a sentence,Henry James,romance,1881
El amor en los tiempos del cólera,Gabriel García Márquez,romance,1985
Genji monogatari,Murasaki Shikibu,romance,1900
Twilight,Stephenie Meyer,romance,2005
The Mystery of the Blue Train,Agatha Christie,romance,1928
In Cold Blood,Truman Capote,romance,1965
Comus,John Milton,romance,1738
The Godfather,Mario Puzo,romance,1969
Abel Sánchez,Miguel de Unamuno,romance,1917
Jamaica Inn,Daphne du Maurier,romance,1936
Dead Man's Folly,Agatha Christie,romance,1956
Shades of Grey,E. L. James,romance,2011
New Moon,Stephenie Meyer,romance,2006
Eclipse,Stephenie Meyer,romance,2006
Divergent,Veronica Roth,romance,2010
The ghost,Arnold Bennett,romance,1907
Fifty Shades Darker,E. L. James,romance,2011
The Thorn Birds,"Colleen McCullough, Colleen McCullough",romance,1977
The Fault in Our Stars,John Green,romance,2010
The Last Chronicle of Barset,Anthony Trollope,romance,1867
The Talisman,Sir Walter Scott,romance,1800
Sad Cypress,Agatha Christie,romance,1939
Novels (Emma / Mansfield Park / Northanger Abbey / Persuasion / Pride and Prejudice / Sense and Sensibility),Jane Austen,romance,1818
Frenchman's Creek,Daphne du Maurier,romance,1940
The Horse Whisperer,Nicholas Evans,romance,1995
The Price of Salt,Patricia Highsmith,romance,1952
The well-beloved,Thomas Hardy,romance,1897
A Torre Negra,Stephen King,romance,1991
Pelham,"Edward Bulwer Lytton, Baron Lytton",romance,1828
My Secret Life,"Walter, Anonymous",romance,1966
Potterism,Rose Macaulay,romance,1920
Can you forgive her?,Anthony Trollope,romance,1864
Der Vorleser,Bernhard Schlink,romance,1995
The Custom of the Country,Edith Wharton,romance,1900
The Eustace diamonds,Anthony Trollope,romance,1872
The Wings of the Dove,Henry James,romance,1902
O mandarim,Eça de Queiroz,romance,1889
The God of Small Things,Arundhati Roy,romance,1997
Americanah,Chimamanda Ngozi Adichie,romance,1969
The Minister's Wooing,"Harriet Beecher Stowe, (Phiz) Hablot Knight Browne",romance,1800
Night Over Water,"Ken Follett, K. Follett",romance,1981
Cidade e as serras,Eça de Queiroz,romance,1900
Nichts ist stärker als die Liebe,Danielle Steel,romance,1981
Seta,Alessandro Baricco,romance,1920
The Vampire Lestat,Anne Rice,romance,1986
The Notebook,Nicholas Sparks,romance,1996
Il était une fois l'amour,Danielle Steel,romance,1981
Oryx and Crake,Margaret Atwood,romance,2002
Ken Ward in the Jungle,Zane Grey,romance,1912
The Duke's Children,Anthony Trollope,romance,1880
"Landfall, a channel story","Nevil Shute, Rob Spence",romance,1940
The Kitchen God's Wife,Amy Tan,romance,1991
The Glimpses of the Moon,Edith Wharton,romance,1922
Royal Escape,Georgette Heyer,romance,1938
Dragonfly in Amber,Diana Gabaldon,romance,1992
Mistress of Mellyn,Victoria Holt,romance,1960
Light a Penny Candle,Maeve Binchy,romance,1970
Lie Down With Lions,Ken Follett,romance,1985
Four,Veronica Roth,romance,2001
Echoes,Maeve Binchy,romance,1985
The Secret Woman,Victoria Holt,romance,1970
No Loger at Ease,Chinua Achebe,romance,1960
Narziss und Goldmund,Hermann Hesse,romance,1930
Paper towns,John Green,romance,2008
Pride and Prejudice,Jane Austen,historical_fiction,1813
Wuthering Heights,"Emily Brontë, Stephanie Baudet, Arianna Bellucci, Angel Vara, Tanya Landman, Gisela Etzel, Theodore De Wyzewa",historical_fiction,1846
Adventures of Huckleberry Finn,Mark Twain,historical_fiction,1876
Emma,Jane Austen,historical_fiction,1815
Oliver Twist,Charles Dickens,historical_fiction,1822
A Tale of Two Cities,Charles Dickens,historical_fiction,1800
Treasure Island,Robert Louis Stevenson,historical_fiction,1880
Little Women,Louisa May Alcott,historical_fiction,1848
Gulliver's Travels,Jonathan Swift,historical_fiction,1726
Les Trois Mousquetaires,"Alexandre Dumas, Auguste Maquet",historical_fiction,1844
The Adventures of Tom Sawyer,Mark Twain,historical_fiction,1817
The Last of the Mohicans,James Fenimore Cooper,historical_fiction,1826
David Copperfield,Charles Dickens,historical_fiction,1800
The Prince and the Pauper,Mark Twain,historical_fiction,1881
El Conde de Montecristo,Alexandre Dumas,historical_fiction,1830
The Jungle,Upton Sinclair,historical_fiction,1707
War and Peace,Лев Толстой,historical_fiction,1864
The Red Badge of Courage,Stephen Crane,historical_fiction,1855
The Scarlet Letter,Nathaniel Hawthorne,historical_fiction,1850
The Scarlet Pimpernel,"Emmuska Orczy, Baroness Orczy",historical_fiction,1900
Ulysses,James Joyce,historical_fiction,1920
His Last Bow [8 stories],Arthur Conan Doyle,historical_fiction,1917
Flatland,Edwin Abbott Abbott,historical_fiction,1884
Shirley,Charlotte Brontë,historical_fiction,1800
Les Misérables,Victor Hugo,historical_fiction,1862
The deerslayer,James Fenimore Cooper,historical_fiction,1841
She,H. Rider Haggard,historical_fiction,1886
A history of New York,Washington Irving,historical_fiction,1800
The Red Badge of Courage,Stephen Crane,historical_fiction,1871
Metamorphoses,"Lucius Apuleius, William Adlington, Lucio Apuleyo, pixabay",historical_fiction,1500
The Pathfinder,James Fenimore Cooper,historical_fiction,1800
Le Tour du Monde en Quatre-Vingts Jours,Jules Verne,historical_fiction,1872
"Under the Greenwood Tree or, The Mellstock quire",Thomas Hardy,historical_fiction,1872
La tulipe noire,Alexandre Dumas,historical_fiction,1800
The Prairie,James Fenimore Cooper,historical_fiction,1800
The Woodlanders,Thomas Hardy,historical_fiction,1800
The moon and sixpence,William Somerset Maugham,historical_fiction,1919
Rob Roy,Sir Walter Scott,historical_fiction,1817
The pioneers,James Fenimore Cooper,historical_fiction,1800
White Fang,Jack London,historical_fiction,1905
Kidnapped,Robert Louis Stevenson,historical_fiction,1886
The House of the Seven Gables,Nathaniel Hawthorne,historical_fiction,1851
The Elusive Pimpernel (Scarlet Pimpernel),"Emmuska Orczy, Baroness Orczy",historical_fiction,1908
The Grapes of Wrath,John Steinbeck,historical_fiction,1939
Tender is the Night,F. Scott Fitzgerald,historical_fiction,1933
A Little Princess,"Frances Hodgson Burnett, Oxford University Press Staff, Jennifer Bassett, Justine Eyre, Nancy Bond",historical_fiction,1905
The Age of Innocence,Edith Wharton,historical_fiction,1920
Идіотъ,Фёдор Михайлович Достоевский,historical_fiction,1880
Of Mice and Men,John Steinbeck,historical_fiction,1937
Voskresenīe,Лев Толстой,historical_fiction,1899
Daisy Miller,Henry James,historical_fiction,1877
Gone With the Wind,Margaret Mitchell,historical_fiction,1936
A Final Reckoning,G. A. Henty,historical_fiction,1800
The Ambassadors,Henry James,historical_fiction,1903
Far From the Madding Crowd,Thomas Hardy,historical_fiction,1874
Ivanhoe,Sir Walter Scott,historical_fiction,1800
Tarzan of the Apes,Edgar Rice Burroughs,historical_fiction,1912
Washington Square,Henry James,historical_fiction,1880
The warlord of Mars #3,"Edgar Rice Burroughs, Jim Killavey, Paula Paula",historical_fiction,1919
The League of the Scarlet Pimpernel,"Emmuska Orczy, Baroness Orczy",historical_fiction,1919
Boyhood,"Tolstoy, Leo, graf, 1828-1910, CJ Hogarth",historical_fiction,1854
Poirot investigates,Agatha Christie,historical_fiction,1924
Siddhartha,Hermann Hesse,historical_fiction,1922
The Murder of Roger Ackroyd,Agatha Christie,historical_fiction,1926
The Last Days of Pompeii,"Edward Bulwer Lytton, Baron Lytton",historical_fiction,1800
Ben Hur,Lew Wallace,historical_fiction,1800
Montezuma's daughter,H. Rider Haggard,historical_fiction,1893
Смерть Ивана Ильича,"Лев Толстой, Anthony Briggs, Anthony Horvath, Constance Black Garnett, Zinc Read",historical_fiction,1887
El Dorado,"Emmuska Orczy, Baroness Orczy",historical_fiction,1913
A Room with a View,E. M. Forster,historical_fiction,1905
Heidi,Johanna Spyri,historical_fiction,1885
Betty Zane,Zane Grey,historical_fiction,1903
Доктор Живаго,Boris Leonidovich Pasternak,historical_fiction,1957
The  black arrow,Robert Louis Stevenson,historical_fiction,1888
The spy,James Fenimore Cooper,historical_fiction,1821
For Whom the Bell Tolls,Ernest Hemingway,historical_fiction,1940
Death on the Nile,Agatha Christie,historical_fiction,1937
Howards End,E. M. Forster,historical_fiction,1910
Midwinter,John Buchan,historical_fiction,1923
Life on the Mississippi,Mark Twain,historical_fiction,1883
The Narrative of Arthur Gordon Pym,Edgar Allan Poe,historical_fiction,1838
"The adventures of Captain Bonneville, U.S.A.","Washington Irving, Benjamin Louis Eulalie De Bonneville",historical_fiction,1800
The Pearl,John Steinbeck,historical_fiction,1945
O Pioneers!,Willa Cather,historical_fiction,1913
Bel-Ami,Guy de Maupassant,historical_fiction,1893
How to write a sentence,Henry James,historical_fiction,1881
Democracy,Henry Adams,historical_fiction,1880
Long Live the King!,Mary Roberts Rinehart,historical_fiction,1917
The way of all flesh,Samuel Butler,historical_fiction,1900
Slaughterhouse-Five,Kurt Vonnegut,historical_fiction,1968
The Bostonians,"Henry James, Daniel Karlin",historical_fiction,1885
El amor en los tiempos del cólera,Gabriel García Márquez,historical_fiction,1985
The Kite Runner,Khaled Hosseini,historical_fiction,2003
The Lost Symbol,Dan Brown,historical_fiction,2009
Helen of Troy: Her Life and Translation Done Into Rhyme from the Greek Books,Andrew Lang,historical_fiction,1882
"The Complete Sherlock Holmes [4 novels, 56 stories]",Arthur Conan Doyle,historical_fiction,1900
The Mystery of the Blue Train,Agatha Christie,historical_fiction,1928
"The Trumpet-Major, and Robert His Brother",Thomas Hardy,historical_fiction,1880
Die Blechtrommel,Günter Grass,historical_fiction,1959
The Pillars of the Earth,Ken Follett,historical_fiction,1989
The Picture of Dorian Gray,Oscar Wilde,horror,1890
Frankenstein or The Modern Prometheus,Mary Shelley,horror,1818
Dracula,Bram Stoker,horror,1897
The Mayor of Casterbridge,Thomas Hardy,horror,1800
The Jewel of Seven Stars,Bram Stoker,horror,1902
Carmilla,Sheridan Le Fanu,horror,1871
The Turn of the Screw,"Henry James, Mxumu Mxama, Henry James",horror,1898
The Great God Pan,Arthur Machen,horror,1894
The Strange Case of Dr. Jekyll and Mr. Hyde,Robert Louis Stevenson,horror,1875
Herland,Charlotte Perkins Gilman,horror,1915
The White People,Arthur Machen,horror,2004
Tales of Terror and Mystery,Arthur Conan Doyle,horror,1963
Carrie,Stephen King,horror,1974
Brood of the Witch-Queen,Sax Rohmer,horror,1924
The Damned,Algernon Blackwood,horror,2002
Misery,Stephen King,horror,1978
The Shining,Stephen King,horror,1977
It,Stephen King,horror,1986
The Gunslinger,Stephen King,horror,1976
The Green Mile,Stephen King,horror,1996
Pet Sematary,Stephen King,horror,1983
The Dead Zone,Stephen King,horror,1979
The Stand,Stephen King,horror,1978
Cujo,Stephen King,horror,1981
The Exorcist,William Peter Blatty,horror,1971
Firestarter,Stephen King,horror,1980
The Vampyre,John William Polidori,horror,1819
Skeleton crew,Stephen King,horror,1985
"The Haunted and the Haunters, Or, The House and the Brain","Edward Bulwer Lytton, Baron Lytton",horror,1859
Needful Things,Stephen King,horror,1991
Night Shift,Stephen King,horror,1960
The Eyes of the Dragon,Stephen King,horror,1959
The talisman,"Stephen King, Peter Straub",horror,1925
Four Past Midnight,Stephen King,horror,1990
Christine,Stephen King,horror,1983
The Day of the Triffids,"John Wyndham, Marcel Battin, Cover by Andy Bridge",horror,1951
Thinner,Stephen King,horror,1984
The Dark Half,Stephen King,horror,1989
Cell,Stephen King,horror,2006
Everything's Eventual. 14 Dark Tales,Stephen King,horror,2002
Different Seasons,Stephen King,horror,1982
Petals on the Wind,V. C. Andrews,horror,1980
Something Wicked This Way Comes,Ray Bradbury,horror,1962
Insomnia,Stephen King,horror,1994
Rose Madder,Stephen King,horror,1995
Gerald's Game,Stephen King,horror,1992
Desperation,Stephen King,horror,1996
The Regulators,Stephen King,horror,1996
The Queen of the Damned,Anne Rice,horror,1988
From a Buick 8,Stephen King,horror,2002
Hearts in Atlantis,Stephen King,horror,1998
Lisey's Story,Stephen King,horror,2006
If There Be Thorns,V. C. Andrews,horror,1981
Can Such Things Be? [24 stories],Ambrose Bierce,horror,1924
Dolores Claiborne,Stephen King,horror,1992
The Works of Edgar Allan Poe in Five Volumes,Edgar Allan Poe,horror,1903
The Human Chord,Algernon Blackwood,horror,1910
Danse Macabre,Stephen King,horror,1980
The Passage,Justin Cronin,horror,2010
Mr. Mercedes,"Stephen King, Stephen king, Ingah Mikhaʼeli",horror,2013
Present at a Hanging and Other Ghost Stories,Ambrose Bierce,horror,1913
Great Short Stories of the World -- a collection of complete short stories chosen from the literatures of all periods and countries,"Barrett Harper Clark, Barrett H. Clark, Maxim Lieber, Charles Dickens, Фёдор Михайлович Достоевский, Антон Павлович Чехов, Nathaniel Hawthorne, Edgar Allan Poe, Mark Twain, Ambrose Bierce, Theodore Dreiser, BARRETT H. CLARK, CLARK AND LIEBER, Gerda Charles, Clark, Barrett H.; Lieber, Maxim, Barrett H. & Maxim Lieber Clark, Clark, Barrett H. / Lieber, Maxim, Barrett H. and Maxim Lieber Clark, Clark & Lieber, Barrett Harper Clark",horror,1922
The return,Walter De la Mare,horror,1910
The House on the Borderland,William Hope Hodgson,horror,1946
In a glass darkly,Sheridan Le Fanu,horror,1872
The Fall of the House of Usher,Edgar Allan Poe,horror,1839
Just After Sunset,Stephen King,horror,2008
"Full Dark, No Stars",Stephen King,horror,2010
The Graveyard Book,Neil Gaiman,horror,2008
Nightmares & Dreamscapes,Stephen King,horror,1993
Welcome to Dead House,Robert Lawrence Stine,horror,1992
Lasher,Anne Rice,horror,1993
Fallen Hearts,V. C. Andrews,horror,1988
The Long Walk,Stephen King,horror,1979
The Voice of the Night,Dean Koontz,horror,1980
My Sweet Audrina,V. C. Andrews,horror,1982
Darkness Comes,Dean Koontz,horror,1984
The Masque of the Red Death,Edgar Allan Poe,horror,1922
Blood and Gold,Anne Rice,horror,1998
Skulduggery Pleasant,"Derek Landy, LANDY DEREK, Tom Percival",horror,2006
Roadwork,Stephen King,horror,1981
Blackwood Farm,Anne Rice,horror,1998
Kentukis,Samanta Schweblin,horror,2014
The Ghost Next Door,Robert Lawrence Stine,horror,1993
The Outsider,Stephen King,horror,2018
Mrs. March,Virginia Feito,horror,2021
The Institute,Stephen King,horror,2019
Cycle of the Werewolf,Stephen King,horror,1983
The Damned Thing,Ambrose Bierce,horror,2007
Revival,Stephen King,horror,2014
Fright Night,NOW Comics,horror,1988
Tales of Mystery and Imagination [29 stories],Edgar Allan Poe,horror,1902
Demon Seed,Dean Koontz,horror,1973
The Spook's Curse,Joseph Delaney,horror,2005
Night Chills,Dean Koontz,horror,1976
Someone Like You [18 stories],Roald Dahl,horror,1953
Twilight's Child,V. C. Andrews,horror,1991
Wings in the Night,Robert E. Howard,horror,2005
Histoires Extraordinaires (Balloon-Hoax / Descent into the Maelstrom / Facts in the Case of M. Valdemar / Gold-Bug / Ligeia / Mesmeric Revelation / Metzengerstein / Morella / MS. Found in a Bottle / Murders in the Rue Morgue / Purloined Letter / Tale of the Ragged Mountains / Unparalleled Adventure of One Hans Pfaall),Edgar Allan Poe,horror,1857
Sleeping Beauties,"Stephen King, Owen King",horror,2014
Oliver Twist,Charles Dickens,young_adult,1822
Frankenstein or The Modern Prometheus,Mary Shelley,young_adult,1818
Gulliver's Travels,Jonathan Swift,young_adult,1726
The Adventures of Tom Sawyer,Mark Twain,young_adult,1817
The BFG,Roald Dahl,young_adult,1980
Harry Potter and the Deathly Hallows,J. K. Rowling,young_adult,2007
The Bobbsey Twins,Laura Lee Hope,young_adult,1904
Mockingjay,Suzanne Collins,young_adult,2010
Divergent,Veronica Roth,young_adult,2010
Hatchet,Gary Paulsen,young_adult,1986
Allegiant,Veronica Roth,young_adult,2001
The Hate U Give,"Angie Thomas, Angie Thomas",young_adult,2017
Sabriel,Garth Nix,young_adult,1995
The Graveyard Book,Neil Gaiman,young_adult,2008
The White Mountains (The Tripods #1),Sam Youd,young_adult,1967
The Great Gilly Hopkins (M Books),Katherine Paterson,young_adult,1978
The Whipping Boy,Sid Fleischman,young_adult,1986
An Abundance of Katherines,John Green,young_adult,2006
The Black Stallion,Walter Farley,young_adult,1941
The Harvester,Gene Stratton-Porter,young_adult,1911
The Eagle of the Ninth. 1400 Grundwörter.,"Rosemary Sutcliff, C. Walter Hodges",young_adult,1954
Me Talk Pretty One Day,David Sedaris,young_adult,2000
Heir of Fire,Sarah J. Maas,young_adult,2014
The city boy,Herman Wouk,young_adult,1948
The Face on the Milk Carton,Caroline B. Cooney,young_adult,1990
Scary stories to tell in the dark,Alvin Schwartz,young_adult,1981
Red Rising,Pierce Brown,young_adult,2014
Simon vs. the Homo Sapiens Agenda,"Becky Albertalli, Victoria Simó Perales",young_adult,2015
Freak the Mighty,"W. R. Philbrick, Rodman Philbrick, W R Philbrick",young_adult,1989
Blue Willow,Doris Gates,young_adult,1940
Lost in the Barrens - Collector's Edition,Farley Mowat,young_adult,1956
Crooked Kingdom,Leigh Bardugo,young_adult,2016
Children of Blood and Bone,Tomi Adeyemi,young_adult,2017
Over to You - Ten Stories of Flyers and Flying,Roald Dahl,young_adult,1946
The Infinite Sea,Richard Yancey,young_adult,2014
Steelheart,Brandon Sanderson,young_adult,2001
Just Ella,Margaret Peterson Haddix,young_adult,1999
Punk 57,Penelope Douglas,young_adult,2016
The knife of never letting go,"Patrick Ness, Nick Podehl",young_adult,2008
Harlem beat,"Yuriko Nishiyama, Nuriko Nishiyama, Mary Coco, Jake Forbes",young_adult,1997
Can you sue your parents for malpractice?,Paula Danziger,young_adult,1979
My Teacher Fried My Brains,Bruce Coville,young_adult,1991
Reappearance of Rachel Price,Holly Jackson,young_adult,2024
Culpa mía,Mercedes Ron,young_adult,2014
Collected Short Stories [51 stories],Roald Dahl,young_adult,1991
Icebreaker,Hannah Grace,young_adult,2020
The Merchant of Death (Pendragon #1),D. J. MacHale,young_adult,2002
Champion,"Marie Lu, Steven Kaplan, Mariel Stern",young_adult,2013
Firekeeper's Daughter,Angeline Boulley,young_adult,2021
Tom Swift and his Sky Racer,Victor Appleton,young_adult,1911
Darkstalker,Tui T. Sutherland,young_adult,2016
The Sun and the Star,"Rick Riordan, Mark Oshiro",young_adult,2023
My First Love and Other Disasters,Francine Pascal,young_adult,1979
Midnight Sun,Stephenie Meyer,young_adult,2020
The Raven King,Maggie Stiefvater,young_adult,2016
All the Crooked Saints,Maggie Stiefvater,young_adult,2017
Hurricane Wars,Thea Guanzon,young_adult,2023
Landscape with Invisible Hand,M. T. Anderson,young_adult,2017
I'll Give You the Sun,Jandy Nelson,young_adult,2014
Hold Fast,Kevin Major,young_adult,1978
Instant Karma,Marissa Meyer,young_adult,2020
The Beggar Queen (Firebird),Lloyd Alexander,young_adult,1984
Intertwined,Gena Showalter,young_adult,2009
The Gentleman's Guide to Vice and Virtue,Mackenzi Lee,young_adult,2017
Final Strife,Saara El-Arifi,young_adult,2022
The Madness Underneath,Maureen Johnson,young_adult,2013
Belladonna,Adalyn Grace,young_adult,2022
Blaine's Way,Monica Hughes        ,young_adult,1986
I Will Plant You a Lilac Tree,Laura Hillman,young_adult,2003
Gilded,Marissa Meyer,young_adult,2021
The Bronzed Beasts,Roshani Chokshi,young_adult,2021
Family Reunion,Caroline B. Cooney,young_adult,1873
Edgedancer,Brandon Sanderson,young_adult,2016
Nick and Charlie,Alice Oseman,young_adult,2015
Novels (Great Expectations / Oliver Twist / Tale of Two Cities),Charles Dickens,young_adult,1977
Cinderella Is Dead,Kalynn Bayron,young_adult,2019
You've Reached Sam,Dustin Thao,young_adult,2021
The Rose Bargain,Sasha Peyton Smith,young_adult,2025
"Heartstopper, Volume 4",Alice Oseman,young_adult,2021
Zoey plays games,Katherine Applegate,young_adult,1996
Cursed,Marissa Meyer,young_adult,2022
I Am Not Okay With This,"Charles Forsman, Regina López Muñoz",young_adult,2017
Each of Us a Desert,Mark Oshiro,young_adult,2020
"Empowerment, Health Promotion and Young People",Grace Spencer,young_adult,2013
Understanding HIV and STI Prevention for College Students,"Leo Wilton, Robert T. Palmer, Dina C. Maramba",young_adult,2014
My Life as Alien Monster Bait (The Incredible Worlds of Wally McDoogle #2),Bill Myers,young_adult,1993
The Prince Commands,"Andre Norton, Kate Seredy",young_adult,1934
Journey home,Yoshiko Uchida,young_adult,1978
Alice,Christina Henry,young_adult,2015
Wrath of the Triple Goddess,Rick Riordan,young_adult,2024
Nightmare Hall #1 Silent Scream,Diane Hoh,young_adult,1993
Flora Segunda (Flora Trilogy #1),Ysabeau S. Wilce,young_adult,2006
My Mother Got Married (and other disasters),Barbara Park,young_adult,1990
Caribbean Cruising,Rachel Hawthorne,young_adult,2004
A Lesson in Vengeance,Victoria Lee,young_adult,2021
Young People and the Struggle for Participation,"Andreas Walther, Janet Batsleer, Patricia Loncle, Axel Pohl",young_adult,2019
Finding Junie Kim,Ellen Oh,young_adult,2021
Eight Stories Up,"DeQuincy A. Lezine, David Brent",young_adult,2008
Growing through life,Rhona Rapoport,young_adult,1979
Nightmare Hall #4 The Wish,Diane Hoh,young_adult,1993
Bible,Bible,biography,1200
Gulliver's Travels,Jonathan Swift,biography,1726
Don Quijote de la Mancha,Miguel de Cervantes Saavedra,biography,1600
Divina Commedia,Dante Alighieri,biography,1472
Анна Каренина,Лев Толстой,biography,1876
Anne of Green Gables,Lucy Maud Montgomery,biography,1908
Julius Caesar,William Shakespeare,biography,1656
Walden,"Henry David Thoreau, Jedidiah Britton-purdy",biography,1854
Narrative of the life of Frederick Douglass,Frederick Douglass,biography,1845
Twelve years a slave,Solomon Northup,biography,1853
Dubliners,James Joyce,biography,1914
Captains Courageous,Rudyard Kipling,biography,1896
Leaves of Grass,Walt Whitman,biography,1855
Troilus and Cressida,William Shakespeare,biography,1609
The Canterbury Tales,"Geoffrey Chaucer, John E. Cunningham, Peter Ackroyd, Ted Stearn, V. A. Kolve, Glending Olson",biography,1478
The Pilgrim's Progress,John Bunyan,biography,1678
The Autobiography of Benjamin Franklin,Benjamin Franklin,biography,1791
The Second Jungle Book,Rudyard Kipling,biography,1887
Sonnets,William Shakespeare,biography,1609
The Tenant of Wildfell Hall,Anne Brontë,biography,1847
Ab urbe condita,Titus Livius,biography,1481
Orthodoxy,"Gilbert Keith Chesterton, Damian Andre, Catholic Way Publishing Staff, Lucio Marcetti",biography,1874
Saint Francis of Assisi,"Gilbert Keith Chesterton, Doyle Kim, Chesterton Books Staff, S. C. G. Jerome",biography,1923
The Jungle Book,Rudyard Kipling,biography,1893
King Henry V,William Shakespeare,biography,1600
My bondage and my freedom,Frederick Douglass,biography,1815
At the Back of the North Wind,George MacDonald,biography,1871
Metamorphoses,Ovid,biography,1479
Lilith,George MacDonald,biography,1895
A history of New York,Washington Irving,biography,1800
The  man who would be king,Rudyard Kipling,biography,1898
Manifest der Kommunistischen Partei,"Karl Marx, Friedrich Engels",biography,1848
Confessions,Augustine of Hippo,biography,1482
Up from Slavery,Booker T. Washington,biography,1900
Roughing It,Mark Twain,biography,1872
Paradise Lost,John Milton,biography,1667
Incidents in the Life of a Slave Girl,Harriet A. Jacobs,biography,1861
Der Antichrist,Friedrich Nietzsche,biography,1895
Les fleurs du mal,Charles Baudelaire,biography,1855
Lord Jim,Joseph Conrad,biography,1900
Two years before the mast,Richard Henry Dana,biography,1000
Lives,Plutarch,biography,1564
The Princess and the Goblin,George MacDonald,biography,1872
"The life of Olaudah Equiano, or Gustavus Vassa, the African","Olaudah Equiano, Robert J. Allison, Rebecka Rutledge Fisher",biography,1789
Sailing alone around the world,Joshua Slocum,biography,1800
The complete poetical works,Robert Burns,biography,1786
The Magician,William Somerset Maugham,biography,1908
Het Achterhuis,Anne Frank,biography,1944
"Tom Sawyer, Detective",Mark Twain,biography,1897
Acres of diamonds,"Russell Herman Conwell, Robert Shackleton - undifferentiated, John Wanamaker, Robert Collier, John Wanamaker",biography,1901
Erewhon,Samuel Butler,biography,1700
"Maria; or, The Wrongs of Woman","Mary Wollstonecraft, William Godwin",biography,1799
Civil Disobedience,Henry David Thoreau,biography,1800
Plays (36),William Shakespeare,biography,1623
Ἀνάβασις,Xenophon,biography,1623
Captivity and Restoration,"Mary White Rowlandson, Joseph Rowlandson, Larvae Editions, Timothy Harrington, Caroline D. Grimm, Henry S. Nourse, John Eliot Thayer, John Williams, Henry S. (Henry Stedman) 183 Nourse, John Eliot 1862-1933 Edt Thayer",biography,1682
The Library of American Biography,Jared Sparks,biography,1846
Les confessions,Jean-Jacques Rousseau,biography,1782
Picasso,"Pablo Picasso, Jean-Louis Andral, Pierre Daix",biography,1926
Life of Samuel Johnson,James Boswell,biography,1776
Hospital Sketches,Louisa May Alcott,biography,1863
American notes,"Charles Dickens, Diana C. Archibald, Charles Dickens",biography,1800
Poems,Samuel Taylor Coleridge,biography,1796
The Rise of Silas Lapham,William Dean Howells,biography,1884
"The History of Rasselas, Prince of Abyssinia","Samuel Johnson, Warren L. Fleischauer, Félix Paknadel, Octavie Belot, James MacAulay",biography,1759
"Works [37 plays, 6 poems, sonnets]",William Shakespeare,biography,1730
Moralia,Plutarch,biography,1500
Мы,"Евгений Иванович Замятин, Gary Kern, Alejandro Ariel González, Tavo Montañez, Sergio Hernández-Ranera Sánchez, Gregory Zilboorg, Alexander Glinka",biography,1924
Flush,"Virginia Woolf, Eileen Atkins, Katyuli Lloyd, Jose KING, Jordi Fernando, Rafael Vázquez Zamora",biography,1694
Apologia pro vita sua,John Henry Newman,biography,1860
Ben Hur,Lew Wallace,biography,1800
Poems by John Keats,John Keats,biography,1800
Typee,Herman Melville,biography,1840
A Tramp Abroad,Mark Twain,biography,1878
The Man Without a Country,"Edward Everett Hale, Florence Maria Miller",biography,1865
Mein Kampf,Adolf Hitler,biography,1922
Autobiography of a Yogi,Yogananda Paramahansa,biography,1946
The education of Henry Adams,Henry Adams,biography,1777
Robert Browning,"Gilbert Keith Chesterton, Sam Sullivan, Robert Browning",biography,1903
The Poetical Works of John Dryden,"John Dryden, John Dryden, John Mitford",biography,1777
Diary,Samuel Pepys,biography,1825
My life and work,"Ford, Henry, Henry Ford, Samuel Crowther, Henry, Ford, Ford Henry 1863-1947, Mrs Henry Ford, E. Kalita, Ford, Henry, Crowther, Samuel, Henry Henry Ford, Samuel Crowther",biography,1922
Das Schloß,Franz Kafka,biography,1926
Dei delitte e delle pene,Cesare Beccaria,biography,1764
Mademoiselle Fifi,Guy de Maupassant,biography,1882
John Barleycorn,Jack London,biography,1913
The Hudson Bay Company,"Robert Michael Ballantyne, Thomas Nelson and Sons",biography,1848
Life on the Mississippi,Mark Twain,biography,1883
Kokuritsu Kokkai Toshokan shozō Meijiki kankō tosho maikuro-ban shūsei,Kokuritsu Kokkai Toshokan (Japan),biography,1991
Seven Pillars of Wisdom,T. E. Lawrence,biography,1905
Paul Klee,Paul Klee,biography,1930
Henry Moore,"David Sylvester, Henry Moore, J. Hedgecoe, Alan Bowness, Herbert Edward Read, Ann Garrould",biography,1934
"The adventures of Captain Bonneville, U.S.A.","Washington Irving, Benjamin Louis Eulalie De Bonneville",biography,1800
Exercitia spiritualia,"Saint Ignatius of Loyola, Aloysio R.P Bellecio, Ignatius., William, S.J. Reiser",biography,1548
Paul et Virginie,Bernardin de Saint-Pierre,biography,1789
Elizabeth and Her German Garden,"Elizabeth von Arnim, Ulrich Baer",biography,1898
The Story of Philosophy,Will Durant,biography,1926
An autobiography,Mohandas Karamchand Gandhi,biography,1927
History of Alexander the Great,Jacob Abbott,biography,1848
Adolphe,"Benjamin Constant, B. Constant, Benjamin Constant, Harold Nicolson, Carl Wildman",biography,1816
The Power of Focused Thinking,"Edward de Bono, Feng yang",self_help,1981
The Secret,Rhonda Byrne,self_help,2000
The Definitive Book of Body Language,"Allan Pease, Barbara Pease",self_help,2004
God and the evolving universe,"James Redfield, Michael Murphy, Sylvia Timbers",self_help,2002
Girlosophy,Anthea Paul,self_help,2000
How to pass exams,Fred Orr,self_help,1985
Yesterday I Cried,Iyanla Vanzant,self_help,1999
The Twelfth Insight,James Redfield,self_help,2011
"Life, and how to survive it","Robin Skynner, John Cleese",self_help,1993
Feeding the Hungry Heart,Geneen Roth,self_help,1982
The personal efficiency program,Kerry Gleeson,self_help,1994
Rewriting the Rules,Meg-John Barker,self_help,2018
Como Crear Mapas Mentales,Tony Buzan,self_help,2002
The Road to Wealth,Suze Orman,self_help,2001
The Perricone Promise,Nicholas Perricone,self_help,2003
The Pursuit of Happiness,Douglas Kennedy,self_help,2001
Coolmind,David Keefe,self_help,2011
You can heal your life,Louise L. Hay,self_help,1984
Intuition,Cate Howell,self_help,2013
The language of letting go,Melody Beattie,self_help,1990
RealAge,Michael F. Roizen,self_help,1999
Mindfulness for Life,"Stephen McKenzie, Craig Hassed, Ian Gawler OAM",self_help,2012
Novel Cure,"Susan Elderkin, Ella Berthoud",self_help,2001
Growing Yourself Up,"Jenny Brown, MSW",self_help,2012
Real Magic,Wayne W. Dyer,self_help,1992
We neurotics,Bernard Basset,self_help,1962
Life and Beyond,"Anthony Grzelka, Denise Gibb",self_help,2008
HELP! I'm Living with a (Man) Boy,Betty McLellan,self_help,2007
The wish,Angela Donovan,self_help,2011
Unfuck your brain,"Dr. Faith G. Harper, Faith G. Harper",self_help,2017
A Whole New Mind,Daniel H. Pink,self_help,2005
The Art of Strategy,"Avinash K. Dixit, Barry J. Nalebuff",self_help,2008
Flatter your figure,Jan Larkey,self_help,1987
Make this your lucky day,Ellen Whitehurst,self_help,2007
Mum Who Roared,Christie Nicholas,self_help,2011
Take Control of Your Life,Gail Ratcliffe,self_help,1995
When Happiness Is Not Enough,Chris Skellett,self_help,2011
Creative Seed,Lilian Wissink,self_help,2013
Happiness Trap Pocketbook,"Russ Harris, Bev Aisbett",self_help,2013
Art of Insight,"Charles Kiefer, Malcolm Constable",self_help,2013
Mindful Learning,"Craig Hassed, Richard Chambers",self_help,2014
You Are Inspired,Belinda Grace,self_help,2009
Synchrodestiny,Deepak Chopra,self_help,2003
Surviving Your Serengeti,Stefan Swanepoel,self_help,2011
"Women are crazy, men are stupid",Howard J. Morris,self_help,2009
Messages from Your Angels,Doreen Virtue,self_help,2002
Staying On The Path,Wayne W. Dyer,self_help,1995
Making it happen,Peter Sheahan,self_help,2010
Personality Plus,Florence Littauer,self_help,1983
Outwitting the devil,Napoleon Hill,self_help,2011
Who Stole My Mojo?,Gary Bertwistle,self_help,2008
Relationships That Rock!,Sue Ostler,self_help,2004
A new guide to rational living,Albert Ellis,self_help,1975
Buddhism for Busy People,David Michie,self_help,2004
The power of full engagement,Jim Loehr,self_help,2003
Life Was Never Meant To Be A Struggle,Stuart Wilde,self_help,1987
In Stillness Conquer Fear,Pauline McKinnon,self_help,1983
Hot Sex,Tracey Cox,self_help,1998
Leaving the enchanted forest,"Stephanie Covington, Liana Beckett",self_help,1988
How to Balance Your Life,James O'Loghlin,self_help,2009
Polywise,"Jessica Fern, David Cooley",self_help,2022
Cómo no escribir una novela,"Sandra Newman, Howard Mittlemark",self_help,2010
Invisible wounds,Kay Douglas,self_help,1994
Gandhi CEO,Alan Axelrod,self_help,2010
Living With It,Bev Aisbett,self_help,1995
Running over a Chinaman,"Julie Jones, Jennifer Mosher",self_help,2009
The power of nice,"Linda Kaplan Thaler, Robin Koval",self_help,2006
Power of the Second Question,Chris Skellett,self_help,2014
Happiness Trap,Russ Harris,self_help,2007
What Are You Waiting For?,Shelley Brunskill-Matson,self_help,2015
Don't Panic,Sallee McLaren,self_help,2012
Organise Your Family,Nicole Avery,self_help,2013
Four Green Houses and a Red Hotel,Pete Wargent,self_help,2013
Does This Clutter Make My Butt Look Fat?,"Walsh, Peter",self_help,2008
No Excuses Guide to Uncovering Your Purpose,"Stacey Demarco, Jade-Sky",self_help,2012
Communication essentials for dummies,Elizabeth Kuhnke,self_help,2015
Forgiveness and other acts of love,Stephanie Dowrick,self_help,1997
The Great Life Redesign,Caroline Cameron,self_help,2011
The $1 million reason to change your mind,Pat Mesiti,self_help,2009
When I loved myself enough,"Kim McMillen, Alison McMillen",self_help,2001
The Secret Language of Destiny,"Gary Goldschneider, Joost Elffers",self_help,1999
Map of the Soul,Tricia Brennan,self_help,2011
When you lose a loved one,Charles Livingstone Allen,self_help,1959
The Kiss of Heaven,Darlene Zschech,self_help,2003
My Mother Always Used to Say,Anna Tochter,self_help,1998
Dog Wisdom,Tanya Graham,self_help,2005
Today I Will,Carmen Warrington,self_help,2000
Dealing with Depression,Gordon Parker,self_help,2002
Buddhism for mothers,Sarah Napthali,self_help,2003
50 Self-Help Classics,Tom Butler-Bowdon,self_help,2001
Would you like attitude with that?,Justin Herald,self_help,2003
Power Over Panic,Bronwyn Fox,self_help,1999
Living with Angels,Beverley Litchfield,self_help,2005
Quest for Life,Petrea King,self_help,1994
Something To Stand On,Lewis L. Dunnington,self_help,1951
How to Sound Really Clever,Hubert van den Bergh,self_help,2013
Breaking Free from Compulsive Eating,Geneen Roth,self_help,1986
Choose to Be Happy,Wayne Froggatt,self_help,1993
A Woman's Way Through the Twelve Steps,Stephanie Convington,self_help,2024
Hot Lemon and Honey,Catherine DeVrye,self_help,2000
Alice's Adventures in Wonderland,Lewis Carroll,classics,1865
The Picture of Dorian Gray,Oscar Wilde,classics,1890
A Christmas Carol,Charles Dickens,classics,1843
Emma,Jane Austen,classics,1815
Frankenstein or The Modern Prometheus,Mary Shelley,classics,1818
A Tale of Two Cities,Charles Dickens,classics,1800
The Wonderful Wizard of Oz,L. Frank Baum,classics,1899
Treasure Island,Robert Louis Stevenson,classics,1880
Gulliver's Travels,Jonathan Swift,classics,1726
Don Quijote de la Mancha,Miguel de Cervantes Saavedra,classics,1600
A Study in Scarlet,Arthur Conan Doyle,classics,1887
The Art of War,"孙武, Sun Tzu ",classics,1900
The Wind in the Willows,Kenneth Grahame,classics,1908
Анна Каренина,Лев Толстой,classics,1876
The Hound of the Baskervilles,Arthur Conan Doyle,classics,1900
The Great Gatsby,F. Scott Fitzgerald,classics,1920
The Adventures of Sherlock Holmes [12 stories],Arthur Conan Doyle,classics,1892
Candide,"Voltaire, William Fleming, Philip Littell, Jack Davenport",classics,1746
Ὀδύσσεια,Όμηρος,classics,1488
Dubliners,James Joyce,classics,1914
The Railway Children,Edith Nesbit,classics,1900
The Tempest,William Shakespeare,classics,1611
Dracula,Bram Stoker,classics,1897
Brave New World,Aldous Huxley,classics,1932
War and Peace,Лев Толстой,classics,1864
The Moonstone,Wilkie Collins,classics,1868
The Prisoner of Zenda,"Anthony Hope, Gary Hoppenstand, Diane Mowat, Alan Marks, Francesc Ràfols, Andrew Pugsley, Summer M. Hogan, Summer Hogan, Smidgen Press, Charles Dana Gibson, Daniel Lanza Barba, Javier Fornell Fernandez, Stephen Colbourn, Katy Jackson, James Wilby, Robinson, M.",classics,1800
The Scarlet Letter,Nathaniel Hawthorne,classics,1850
The Complete Life and Adventures of Santa Claus,L. Frank Baum,classics,1902
Women in Love,D. H. Lawrence,classics,1877
Alice's Adventures in Wonderland / Through the Looking Glass,Lewis Carroll,classics,1889
Three Men in a Boat (to say nothing of the dog),Jerome Klapka Jerome,classics,1889
Metamorphoses,Ovid,classics,1479
The Princess and Curdie,George MacDonald,classics,1832
The Beautiful and Damned,F. Scott Fitzgerald,classics,1922
L’étranger,Albert Camus,classics,1942
The Hobbit,J.R.R. Tolkien,classics,1937
Confessions,Augustine of Hippo,classics,1482
Silas Marner,George Eliot,classics,1860
Inferno,Dante Alighieri,classics,1767
La père Goriot,Honoré de Balzac,classics,1800
Nineteen Eighty-Four,George Orwell,classics,1949
Barchester Towers,Anthony Trollope,classics,1857
Peter Pan,J. M. Barrie,classics,1911
"Under the Greenwood Tree or, The Mellstock quire",Thomas Hardy,classics,1872
Bleak House,Charles Dickens,classics,1850
Le rouge et le noir,Stendhal,classics,1830
A Portrait of the Artist as a Young Man,James Joyce,classics,1818
The Princess and the Goblin,George MacDonald,classics,1872
Tender is the Night,F. Scott Fitzgerald,classics,1933
Братья Карамазовы,Фёдор Михайлович Достоевский,classics,1880
Il Paradiso,Dante Alighieri,classics,1595
"The Private Memoirs and Confessions of A Justified Sinner (With A Detail of Curious Traditionary Facts, And Other Evidence, By The Editor)","James Hogg, Ian Rankin, Wain, John.",classics,1824
Of Mice and Men,John Steinbeck,classics,1937
Plays (36),William Shakespeare,classics,1623
The Secret Agent,Joseph Conrad,classics,1907
The Ambassadors,Henry James,classics,1903
Washington Square,Henry James,classics,1880
"Works [37 plays, 6 poems, sonnets]",William Shakespeare,classics,1730
The Tragedy of Pudd'nhead Wilson,Mark Twain,classics,1758
My Ántonia,Willa Cather,classics,1918
Отцы и дети,Ivan Sergeevich Turgenev,classics,1867
Siddhartha,Hermann Hesse,classics,1922
Vanity Fair,William Makepeace Thackeray,classics,1800
To Kill a Mockingbird,Harper Lee,classics,1960
A Room with a View,E. M. Forster,classics,1905
The Catcher in the Rye,"J. D. Salinger, SparkNotes",classics,1945
Heidi,Johanna Spyri,classics,1885
Das Schloß,Franz Kafka,classics,1926
The Sun Also Rises,Ernest Hemingway,classics,1926
"The Lion, the Witch and the Wardrobe",C.S. Lewis,classics,1950
El conde Lucanor,Don Juan Manuel,classics,1839
Three Lives,Gertrude Stein,classics,1909
The Bell Jar,Sylvia Plath,classics,1963
Memórias póstumas de Brás Cubas,Joaquim Maria Machado de Assis,classics,1881
MAIN STREET,Sinclair Lewis,classics,1920
On The Road,"Jack Kerouac, Ann Charters, Julio Mario Santo Domingo Collection",classics,1957
Guess How Much I Love You,"Sam McBratney, Anita Jeram",classics,1994
Goodnight Moon,Margaret Wise Brown,classics,1947
Where the Wild Things Are,Maurice Sendak,classics,1600
"The Complete Sherlock Holmes [4 novels, 56 stories]",Arthur Conan Doyle,classics,1900
Carrie,Stephen King,classics,1974
The Witches,Roald Dahl,classics,1983
East of Eden,John Steinbeck,classics,1952
A Wrinkle in Time,Madeleine L'Engle,classics,1962
The Subtle Knife,Philip Pullman,classics,1997
The misfortunes of Sophy,"Sophie, comtesse de Ségur, Pat Marriott, Foulquier, Marcel Marlier, Les Grands Les Grands Classiques en Grands Caractères, Sophie Rostopchine, Guillain Méjane, Horace Castelli",classics,1871
Bridge to Terabithia,Katherine Paterson,classics,1972
One Flew Over the Cuckoo's Nest,Ken Kesey,classics,1962
"Works [37 plays, 5 poems, sonnets]",William Shakespeare,classics,1794
Schweizerische Robinson,Johann David Wyss,classics,1828
Things Fall Apart,Chinua Achebe,classics,1958
Through Russian Snows,G. A. Henty,classics,1895
Billy Budd,Herman Melville,classics,1900
Le Deuxième Sexe,Simone de Beauvoir,classics,1949
The Left Hand of Darkness,"Ursula K. Le Guin, Sound Editions",classics,1969
The Once and Future King,T. H. White,classics,1939
Native Son,"Richard Wright, Richard Wright - undifferentiated, Richard Wright",classics,1940
A Passage to India,E. M. Forster,classics,1924
Flowers in the Attic,V. C. Andrews,classics,1979
